luas_panen,bibit,pupuk_npk,pupuk_urea,obat_insectisida,obat_nutrisil_campuran,hasil_panen
6724,1,2,1,5,10,33444
4818,2,1,2,10,15,24201
3395,1,2,2,10,20,17846
2515,1,1,1,10,15,14095
2122,1,2,2,5,20,12782
1737,2,3,4,15,15,11189
3673,1,2,4,10,10,21969.2
5651,2,2,3,5,5,33524
10389,1,3,3,20,20,58842.02
7789.5,1,3,3,10,5,42004.4
6717,2,2,2,20,15,37251
8794,1,3,3,15,5,49446
10022,2,2,2,20,5,59507
7672,1,2,1,5,11,33169
4250,2,1,2,9,17,21506
3696,1,2,2,9,22,19276
2292,1,1,1,11,16,12235
2174,1,2,2,5,20,13853
1475,2,3,4,13,14,12608
3594,1,2,4,11,10,17914
5329,2,2,3,5,4,28292
12499,1,3,3,18,20,60487
7291,1,3,3,12,4,45187
7859,2,2,2,22,16,35975
9794,1,3,3,16,5,49837
9859,2,2,2,21,4,57245
6214,1,2,1,4,11,31354
4881,2,1,2,10,15,25626
3492,1,2,2,9,21,17876
2417,1,1,1,11,13,14151
2297,1,2,2,5,19,10349
1598,2,3,4,19,17,10851
3230,1,2,3,11,10,25466
5755,2,2,3,5,5,30600
10420,1,3,3,24,22,52863
7884,1,3,3,8,5,55441
6976,2,2,2,20,15,37269
10541,1,3,3,13,5,48691
8162,2,2,2,19,5,65770
6784,1,2,1,5,10,33361
4918,2,1,2,8,17,24639
3473,1,1,2,11,20,17917
2476,1,1,1,11,14,15626
2236,1,2,2,5,21,13279
1370,2,3,3,16,14,13436
3466,1,2,5,11,9,21724
6109,2,2,3,5,5,38004
10492,1,3,4,21,19,57364
9155,1,3,3,9,6,55183
8026,2,2,2,22,15,39281
9104,1,3,3,16,5,47410
9987,2,2,2,19,4,64813
7039,1,2,1,5,11,36260
4546,2,1,2,9,14,23620
3398,1,2,2,11,19,18867
2609,1,1,1,9,13,14141
2301,1,2,2,5,21,12328
1839,2,3,4,14,14,11320
3732,1,2,4,10,8,21950
5212,2,2,3,4,6,29134
11029,1,3,3,21,21,59140
7482,1,3,3,10,5,38682
6092,2,2,2,20,16,36810
9648,1,3,3,16,5,48074
10620,2,2,2,22,5,53241
6450,1,2,1,5,8,25146
4907,2,1,2,10,16,23853
3772,1,2,2,11,21,17421
2135,1,1,1,10,16,12195
2426,1,3,2,6,19,10620
1696,2,4,4,15,12,11616
2756,1,2,4,9,10,21782
5793,2,2,3,5,5,35876
9353,1,3,3,22,19,51510
7573,1,3,3,8,5,40174
6674,2,2,2,19,15,43468
8133,1,3,3,12,5,51409
9903,2,2,2,17,5,59161
6218,1,2,1,4,9,31150
4345,2,1,2,10,16,22896
3889,1,2,2,10,22,17862
2258,1,1,1,10,17,14216
1929,1,2,2,5,20,12753
1905,2,3,5,16,16,10536
3950,1,2,4,8,10,23429
6504,2,2,3,5,5,38444
12937,1,3,3,22,19,51191
8110,1,4,3,10,4,41684
6815,2,2,2,20,18,38366
9221,1,3,3,16,5,49438
8767,2,2,2,23,6,65871
7018,1,2,1,5,10,27013
5045,2,1,2,9,15,25653
2749,1,2,2,11,20,17873
2156,1,1,1,10,16,13646
2095,1,2,2,5,17,12785
1646,2,3,4,16,15,11679
4171,1,2,4,11,9,23898
5898,2,2,3,5,5,29510
10511,1,3,4,18,19,54897
8866,1,3,3,9,6,36921
7273,2,2,2,21,12,36922
9510,1,3,3,15,5,52612
11615,2,2,2,20,5,57447
8446,1,2,1,5,9,36460
4702,2,1,2,11,17,28592
3995,1,2,2,8,20,15466
2771,1,1,1,8,15,14774
2118,1,2,2,6,19,12816
1618,2,3,4,13,14,10583
2863,1,2,4,12,8,23917
4870,2,2,3,5,5,38501
9825,1,3,3,19,20,62365
7911,1,3,3,8,5,43752
5935,2,2,2,17,16,35667
10032,1,3,3,15,6,45104
10809,2,2,2,20,6,67825
5422,1,2,1,5,10,35666
5806,2,1,2,9,14,25053
3527,1,2,2,9,18,18797
2583,1,1,1,11,14,12018
2020,1,2,2,5,20,10846
1617,2,3,4,16,20,11379
3191,1,2,4,11,11,24769
5545,1,2,3,4,4,34697
9358,1,3,3,20,21,57331
6241,1,3,3,11,4,39980
8160,2,2,2,18,16,37699
9359,1,3,3,16,6,53261
9570,2,2,2,20,6,54918
6645,1,2,1,5,11,33812
4198,2,1,2,9,17,26474
3902,1,2,2,10,20,18571
2312,1,1,1,10,16,14446
2162,1,2,2,5,23,12258
2006,2,3,4,12,15,11710
3478,1,2,4,9,11,17859
5984,1,2,3,6,4,31058
9439,1,3,3,21,17,69580
7880,1,3,3,10,5,35032
7564,2,1,2,18,15,24465
9172,1,3,4,17,4,40424
10419,2,2,2,18,6,60630
7293,1,2,1,5,10,28315
4997,2,1,2,8,15,21807
3464,1,2,2,11,21,18295
2574,1,1,1,11,13,13506
2569,1,2,2,5,20,13796
1741,2,3,4,14,17,11108
3427,1,2,4,10,8,21242
5640,2,2,3,5,5,33722
9446,1,3,3,19,21,57452
7446,1,3,3,11,4,44088
7021,2,2,2,20,15,38117
8374,1,3,3,18,5,50228
11703,2,2,2,19,5,58712
6144,1,2,1,5,10,25977
5102,2,1,2,11,13,25621
3320,1,2,2,10,21,11433
2534,1,1,1,10,13,14862
1916,1,2,2,4,18,12655
1746,2,3,4,15,13,13514
3559,1,2,4,12,8,21053
5516,2,2,3,5,5,25667
9144,1,3,3,19,18,64845
7772,1,2,3,9,5,44199
5260,2,2,2,20,15,34641
9669,1,3,3,17,4,42657
10035,2,2,2,16,5,57638
7156,1,2,1,4,10,31174
4822,2,1,2,10,13,22142
3919,1,2,2,9,21,15425
2673,1,1,1,9,15,14035
2332,1,2,2,5,20,13767
1803,2,3,4,13,16,11468
3849,1,2,4,11,11,23019
5193,1,2,4,5,5,35630
10376,1,3,3,18,23,65778
7553,1,3,3,11,5,46914
6361,2,2,2,18,12,43087
7512,1,3,3,15,4,51689
9112,2,2,2,22,5,57683
6406,1,2,1,5,11,29111
5223,3,1,2,10,14,21048
3067,1,2,2,10,21,16671
2405,1,1,1,9,14,15051
2027,1,2,2,5,21,13262
1676,2,3,4,12,14,10930
3741,1,2,4,10,11,20029
4956,2,2,3,5,4,32652
8839,1,3,4,21,22,51987
8956,1,3,3,9,5,43526
6736,2,2,2,23,16,32978
10477,1,3,3,18,6,53918
10568,2,2,2,20,5,61316
7491,1,1,1,5,11,34066
6450,2,1,2,10,14,23214
3048,1,2,2,9,22,19088
2382,1,1,1,12,14,13270
2007,1,2,2,5,19,13599
1882,3,3,4,12,15,11484
3870,1,2,4,11,12,23633
5018,2,2,3,6,4,35313
12943,1,3,3,16,21,61768
7727,1,2,3,9,5,40190
7581,2,2,2,21,15,35292
9435,1,3,3,15,5,49302
10555,2,2,2,21,5,60625
5073,1,2,1,5,9,34854
4151,2,1,2,10,16,19488
3996,1,2,2,10,19,18714
2218,1,1,1,10,16,15387
2254,1,2,2,4,20,12646
1825,2,3,4,14,16,11681
3850,1,2,4,10,10,20452
5683,2,2,3,4,6,31236
11296,1,3,3,17,22,59562
6639,1,3,2,8,5,38441
6436,2,2,2,20,13,37259
9871,1,3,3,15,5,54037
11650,2,1,2,23,6,64936
7898,1,2,1,4,9,26659
4664,2,1,2,11,14,19953
3560,1,2,2,10,17,14800
2739,1,1,1,10,15,13447
2275,1,2,2,5,17,13075
1633,2,3,4,16,15,11852
3764,1,2,5,9,10,20154
6029,2,2,3,5,5,32637
10976,1,3,3,20,23,56201
8243,1,3,2,12,5,41022
7229,1,2,2,22,15,38140
9322,1,2,2,16,5,56424
10044,2,2,2,21,5,53699
5684,1,2,1,5,11,31329
5373,2,1,2,9,19,26130
3970,1,2,2,11,22,16913
2361,1,1,1,10,14,15014
2264,1,2,2,6,23,12170
1515,2,3,4,15,15,11046
3805,1,2,4,11,11,23399
6159,2,2,3,5,5,37854
10574,1,3,3,18,21,60973
7613,1,3,3,10,5,41239
6794,2,2,2,18,15,41790
8860,1,3,3,15,5,52331
8777,2,2,2,22,5,59395
6720,1,2,1,5,10,39130
4894,2,1,2,9,16,27346
2928,1,2,2,9,23,18347
2674,1,1,1,8,15,14996
2053,1,1,2,5,20,12654
1650,2,3,4,18,14,11388
3709,1,2,4,10,11,21136
5498,2,2,3,5,5,33258
11591,1,3,3,16,21,46790
7000,1,3,3,10,5,44017
8192,2,2,2,24,13,36133
8593,1,3,3,14,5,43734
10494,2,2,2,20,5,55694
7243,1,2,1,5,9,33535
4413,2,1,2,10,15,25291
3706,1,2,2,11,20,18593
2617,1,1,1,10,15,14661
1834,1,2,2,5,23,13926
1718,2,3,4,14,15,9252
3060,1,2,3,10,11,19782
5791,2,2,3,5,4,37683
13085,1,3,3,21,21,53844
8019,1,3,3,10,5,36992
6612,2,2,2,22,15,38960
6305,1,3,3,14,5,53707
10332,2,2,2,18,4,60021
6408,1,2,1,5,11,26356
3978,2,1,2,8,16,21174
3128,1,2,2,8,20,15333
2662,1,1,1,9,13,11815
2255,1,2,2,5,19,12729
1825,2,3,4,14,16,10017
3848,1,2,4,11,11,23077
5192,2,2,3,5,5,28819
10519,1,3,3,21,21,50527
8847,1,3,3,10,4,40081
5633,2,2,2,18,13,40778
8974,1,3,3,15,5,44865
11542,2,2,2,17,5,55546
6972,1,2,1,4,12,33868
4680,2,1,2,8,18,21586
3685,1,2,2,10,19,19316
2268,1,1,1,10,13,13859
1758,1,2,2,4,19,12248
1701,2,3,5,16,13,12330
3749,1,2,3,11,11,24123
6629,2,2,2,5,5,36920
12461,1,3,3,19,19,71669
6683,1,3,3,9,4,47989
6408,2,2,2,17,16,36782
7593,1,3,3,16,4,51009
11512,2,2,2,20,5,68452
6633,1,2,1,5,9,33951
4737,2,1,2,9,18,21226
3362,1,2,2,9,19,19098
2539,1,1,1,10,15,14458
1990,1,2,2,6,19,13773
1719,2,3,4,14,14,11510
3336,1,2,4,10,10,22548
4913,2,2,2,5,4,32021
10486,1,3,2,24,16,53687
7240,1,3,3,9,4,37629
6030,2,2,2,23,13,33596
9546,1,3,3,15,6,57197
9654,2,2,2,16,5,68299
6819,1,2,1,5,11,39718
5577,2,1,2,11,15,24714
4059,1,2,2,10,17,15394
2189,1,1,1,10,16,13931
1948,1,2,2,5,18,12408
2025,2,3,4,15,15,8654
3496,1,2,4,10,10,21218
5619,2,2,3,5,5,30790
11550,1,3,3,22,22,56653
8106,1,2,3,12,5,50083
6291,2,2,2,19,13,33094
9858,1,3,3,13,4,45234
10112,2,2,2,19,5,67634
7405,1,2,1,4,8,31236
5310,2,1,2,9,17,22612
2956,1,2,2,9,18,17898
2516,1,1,1,10,17,16242
2276,1,2,2,4,20,11735
2023,2,3,4,13,16,12980
3854,1,2,4,10,11,20917
5776,2,2,3,4,4,30364
9258,1,3,3,21,21,56418
7783,1,3,3,11,5,43915
5939,2,2,2,20,16,35321
9737,1,3,3,16,5,49502
9165,2,2,2,19,5,63795
7769,1,2,1,5,10,34776
5354,2,1,2,8,14,21905
3046,1,2,2,12,20,16695
2824,1,1,1,11,14,16330
2073,1,2,2,5,18,12626
1527,2,3,4,16,17,12285
3949,1,2,5,12,12,20148
6095,2,2,4,6,5,33966
11229,1,3,3,21,24,56797
7100,1,3,3,9,5,48175
6950,2,2,2,14,15,37485
9237,1,2,3,15,4,46019
8642,2,2,2,20,6,54904
6280,1,2,1,6,12,30404
4281,2,1,2,9,16,21258
3315,1,2,2,10,19,17789
2750,1,1,1,10,15,14896
1573,1,2,2,5,16,12868
1717,2,3,5,14,17,11535
4188,1,2,4,10,7,21142
6079,2,2,3,5,6,28884
10981,1,3,2,20,20,60611
8180,1,2,3,9,5,39459
6953,1,2,2,17,15,38682
9538,1,3,3,13,4,43327
11006,2,2,2,18,6,59058
6790,1,2,1,6,10,32395
4616,2,1,2,10,12,19052
3213,1,2,1,10,20,21905
2416,1,1,1,9,17,14848
1906,1,2,2,7,21,13440
1706,2,3,4,15,15,10463
3995,1,2,4,11,10,24590
6190,2,2,3,5,5,30288
11642,1,3,3,19,23,53141
7954,1,3,3,11,5,40608
7532,2,2,2,21,16,33466
8108,1,3,3,14,6,52893
10389,2,2,2,17,5,55611
7073,1,2,1,4,10,32894
5514,2,1,2,10,14,23866
3176,1,2,2,9,20,17057
2663,1,1,1,10,13,12436
2389,1,2,2,5,21,13815
1759,2,3,4,14,16,9766
3477,1,2,4,9,11,24261
6503,2,2,3,5,5,34130
11234,1,3,3,22,19,54669
8675,1,3,3,10,5,42355
5495,2,2,2,23,16,35775
7997,1,3,3,13,5,47676
9357,2,2,2,24,4,65247
6623,1,2,1,5,10,37149
4668,2,1,2,10,15,23636
2612,1,2,2,11,20,16448
2390,1,1,1,10,13,12928
2138,1,2,2,5,23,15496
1658,2,3,4,15,14,10374
3791,1,2,5,10,11,23001
6727,2,2,3,4,5,34056
10988,1,3,3,20,24,50044
7766,1,3,3,9,5,44610
6075,2,2,2,22,13,36760
8896,1,3,3,18,5,40141
9173,2,2,2,20,5,55742
6119,1,2,1,5,12,33505
4761,2,1,2,8,16,19469
3187,1,2,2,12,20,17546
2025,1,1,1,8,15,13255
2063,1,2,2,5,19,11476
1561,2,3,4,16,13,12492
3877,1,2,4,8,11,22325
5036,2,2,3,5,5,37801
10719,1,3,3,21,22,49891
7589,1,3,3,9,5,41967
6442,2,2,2,19,16,32702
9858,1,3,3,16,5,51004
10504,2,2,2,23,5,54626
6998,1,2,1,6,11,30886
4331,2,1,2,9,14,28182
3458,1,2,2,9,20,18596
2531,1,1,1,10,15,16898
1716,1,2,2,5,19,11825
2022,2,3,4,16,16,11024
4012,1,2,5,9,9,22602
5531,2,2,3,5,5,40848
12066,1,3,3,26,17,62126
9035,1,3,3,12,5,45980
6429,2,2,2,17,16,41107
8668,1,3,3,13,6,43844
11660,2,2,2,21,5,54105
7572,1,2,1,5,10,35964
4889,2,1,2,9,15,24570
3262,1,2,2,7,20,19733
2580,1,1,1,9,16,14226
2169,1,2,2,5,19,11768
1808,2,3,5,17,16,12843
3495,1,2,4,9,11,19926
5569,2,2,3,5,5,32364
10535,1,3,4,21,20,42377
8214,1,3,3,9,5,43070
6410,2,2,2,18,14,37360
9717,1,2,3,13,5,48710
8532,2,2,2,20,5,59462
7074,1,2,1,5,10,35486
4810,2,1,2,9,14,21356
3223,1,2,2,8,21,14004
2421,1,1,1,9,18,14037
2117,1,2,2,5,20,12968
1573,2,3,4,16,17,10754
3336,1,2,5,8,8,19255
5703,2,2,3,5,6,35601
11654,1,3,3,18,19,60387
7719,1,3,3,10,5,42654
7039,2,2,2,20,15,37373
7450,1,3,3,16,5,54010
9932,2,2,2,21,5,56370
7093,1,2,1,6,9,29949
4544,2,1,2,11,15,23456
3412,1,2,2,10,16,19425
2617,1,1,1,10,15,14400
1856,1,2,2,4,17,11348
1797,2,3,4,17,13,12388
3675,1,2,4,11,10,24336
5424,2,2,2,5,5,32544
10222,1,2,3,21,20,60729
7819,1,3,3,10,5,45378
8535,2,2,2,20,17,35235
9339,1,3,3,16,6,47578
9252,2,2,2,21,4,58405
6212,1,2,1,5,9,34563
4410,2,1,2,9,13,23003
3172,1,2,2,9,19,16184
2452,1,1,1,8,13,12492
2054,1,2,2,5,20,12358
1818,2,3,4,14,17,11953
2967,1,2,5,8,10,16766
6011,2,2,3,6,5,35788
12104,1,3,3,21,23,64824
7685,1,3,3,9,4,41080
6431,2,2,2,20,18,47073
9377,1,3,3,13,5,44566
10741,2,2,2,23,5,59777
6192,1,2,1,5,11,39651
4422,2,1,2,9,16,24718
3432,1,2,2,9,20,16656
2809,1,1,1,10,14,12054
2317,1,2,2,5,22,11612
1770,2,2,4,17,15,8538
3576,1,2,4,10,10,27468
5744,2,2,4,5,6,29309
10776,1,3,2,21,18,53401
8710,1,3,2,9,5,40763
6778,2,2,2,21,15,40238
10148,1,3,3,15,5,49794
9642,2,2,2,19,5,70793
5634,1,2,1,6,9,34233
3714,2,1,2,9,14,23494
3754,1,2,2,10,20,17120
2267,1,1,1,10,15,16391
2258,1,2,2,6,23,14550
1675,2,3,4,15,14,12246
3966,1,2,4,11,11,20317
6487,2,2,3,5,6,32725
10794,1,4,3,18,16,62001
8036,1,2,3,11,5,37892
6962,2,2,2,19,18,34543
8740,1,3,3,18,4,44908
9398,2,2,2,21,4,49054
6644,1,2,1,5,10,34583
4321,2,1,2,11,17,24688
3300,1,2,2,9,21,17619
2286,1,1,1,10,15,12967
2251,1,2,2,5,21,12378
1675,2,3,4,13,17,12852
3916,1,2,4,10,10,21398
5813,2,2,3,6,5,41497
10634,1,3,3,22,21,67603
6549,1,3,3,10,6,42088
7350,2,2,2,17,15,30718
9375,1,3,3,13,5,50434
11194,2,2,2,21,6,59838
7073,1,2,1,5,9,28852
4758,3,1,2,10,15,26664
3311,1,2,2,10,20,20109
2045,1,1,1,10,13,13508
2056,1,2,2,5,20,11783
1574,3,4,5,17,18,11548
3678,1,2,4,10,11,19139
4180,2,2,2,5,5,34179
9281,1,3,3,18,19,63756
6819,1,3,3,10,5,46185
6873,2,2,2,23,15,43324
8141,1,3,3,16,5,55506
8257,2,2,2,19,5,60511
6768,1,2,1,5,12,37968
4691,2,1,2,9,16,22601
2864,1,2,2,10,22,17896
2634,1,1,1,9,15,13936
2110,1,2,2,6,20,13284
1863,2,3,4,16,14,11624
3713,1,2,4,9,11,24780
5996,2,2,3,6,5,32796
10443,1,3,3,22,21,58917
7543,1,3,3,11,4,46362
7418,2,2,2,18,15,43441
8052,1,3,3,15,5,53645
12233,2,3,2,19,6,64917
6794,1,2,1,6,9,25487
5113,2,1,2,11,16,26518
3494,1,2,2,12,18,16230
2321,1,1,1,12,15,11173
2105,1,2,2,5,18,12681
1365,2,3,4,17,14,11121
3804,1,2,5,10,9,25205
5394,2,2,3,5,5,34400
11210,1,3,3,20,21,55990
8066,1,4,3,10,5,34479
6918,2,2,2,23,15,37796
9195,1,3,3,16,5,50144
10241,2,2,2,21,4,51345
6239,1,2,1,6,10,32681
5316,2,1,2,10,15,22117
2892,1,2,2,10,18,18046
2603,1,1,1,11,13,14423
2340,1,2,2,4,20,12536
2197,2,3,3,15,14,10726
4245,1,2,4,11,9,18718
5381,2,2,3,5,4,31282
9115,1,3,3,20,20,63835
8433,1,3,3,9,4,42760
6774,2,2,2,21,16,35393
9062,1,3,3,16,5,43658
10268,2,2,2,23,5,68148
6295,1,2,1,5,11,38022
4635,2,1,2,9,15,25331
3134,1,2,2,10,21,18953
2326,1,1,1,10,12,14955
2185,1,2,2,5,21,13295
2311,2,3,3,16,16,11560
2469,1,2,4,9,11,22572
4863,2,2,3,4,5,33903
9913,1,3,3,22,18,64356
7382,1,3,3,12,5,27904
7304,2,2,2,22,14,37374
9630,1,3,3,13,5,50780
10916,2,2,2,17,5,60914
6459,1,2,1,5,11,34101
5527,2,1,2,9,14,24096
3568,1,2,2,10,17,16472
2329,1,1,1,11,15,15092
2480,1,2,2,5,19,13464
1638,2,3,5,13,15,9783
3492,1,2,5,10,11,23392
5168,2,2,3,5,5,35934
9929,1,3,3,17,18,61790
8276,1,3,3,10,5,38255
7597,2,2,2,19,16,38916
9835,1,3,3,15,5,49562
8860,2,2,2,22,5,51244
6016,1,2,1,5,10,33640
4629,2,1,2,10,14,25453
2691,1,2,2,10,20,20503
2421,1,1,1,11,17,13266
2151,1,2,2,6,20,10731
1762,2,3,4,13,14,10371
3840,1,2,4,9,10,25540
5569,2,2,3,6,5,34274
10435,1,3,3,19,18,63514
8324,1,3,3,9,6,46899
7313,2,2,2,21,17,34715
8029,1,3,3,17,5,47243
9933,2,2,2,20,4,61857
6879,1,2,1,4,9,26786
5317,2,1,2,10,17,24180
3178,1,2,2,9,21,16713
2504,1,1,1,11,17,13898
1796,1,2,2,6,21,12672
1855,2,3,4,16,16,13259
3956,1,2,4,11,10,24707
4981,2,2,3,5,5,28611
11630,1,3,3,21,23,53573
5600,1,2,4,9,6,33703
7261,2,2,2,19,12,38737
8607,1,3,3,14,4,46924
8752,2,2,2,19,5,50033
7534,1,2,1,6,9,33022
5615,2,1,2,10,17,26277
4289,1,2,2,10,21,21274
2436,1,1,1,11,15,12693
2121,1,2,2,6,18,12311
1777,2,3,4,13,12,10151
4107,1,2,4,10,10,19537
5477,2,2,3,5,5,29567
9746,1,3,3,21,23,66103
8068,1,3,3,9,5,37809
6849,2,2,2,22,16,33187
8714,1,4,3,14,5,43926
9655,2,2,2,21,6,58558
5336,1,2,1,6,9,30508
4384,2,1,2,9,14,23026
3232,1,2,2,9,18,19292
2346,1,1,1,11,14,15825
2038,1,2,2,5,19,13552
1826,2,3,3,14,16,9235
3360,1,2,4,9,9,20907
6815,2,2,3,5,5,34968
9468,1,3,2,23,19,55843
8157,1,3,3,11,5,44622
6193,2,2,2,20,16,38891
7553,1,3,3,15,5,52410
10861,2,2,2,20,5,62633
7522,1,2,1,6,10,31029
5464,2,1,2,10,16,24756
3613,1,2,2,11,21,18558
2907,1,1,1,9,13,14048
2327,1,2,2,5,20,14268
1540,2,4,4,12,17,12595
3601,1,2,4,8,11,21730
5046,2,2,3,5,6,36306
9351,1,3,3,20,21,56581
7851,1,3,3,9,5,37704
7094,2,2,2,20,15,41528
8983,1,3,3,14,5,48901
10397,2,2,2,20,5,55283
5658,1,2,1,5,10,30650
4385,2,1,2,9,15,22671
3764,1,2,2,9,21,15955
2443,1,1,1,11,16,16066
2216,1,2,2,5,18,13156
1909,2,3,4,14,15,11501
3533,1,2,4,11,10,20147
4937,2,2,2,5,4,36333
9683,1,3,3,22,21,66434
7559,1,3,3,11,5,52606
7028,2,2,2,20,17,36484
8577,1,2,4,13,5,44177
9916,2,2,2,21,5,46767
7892,1,2,1,6,10,26891
4213,2,1,2,11,13,23438
3633,1,2,2,11,21,17261
2957,1,1,1,10,15,13061
2237,1,2,2,5,18,11116
1621,2,3,4,15,14,11588
4261,1,2,4,11,11,23308
5409,2,2,3,6,5,31669
10519,1,3,3,20,20,63058
6472,1,3,3,8,5,38009
6768,2,2,2,21,15,37334
7389,1,3,3,14,5,42021
10586,2,2,2,16,4,56795
8194,1,2,1,5,11,36512
4390,2,1,2,10,14,19153
3120,1,2,2,10,22,18109
2978,1,1,1,11,13,14154
2274,1,2,2,6,22,12748
1840,2,3,4,16,13,10925
4240,1,2,4,10,10,20768
5858,2,2,3,5,5,36887
11335,1,3,3,20,22,49668
7967,1,3,3,9,4,43884
6633,2,2,2,20,16,32696
8104,1,4,3,14,5,50842
9492,2,2,2,24,5,64318
7062,1,2,1,5,12,33684
4958,2,1,2,11,14,28364
3590,1,2,2,8,16,24243
2549,1,1,1,11,15,16246
2221,1,2,2,6,22,14447
1628,2,3,4,16,13,10226
3545,1,2,4,10,11,22093
6389,2,2,3,5,5,31805
10393,1,3,3,20,20,49360
7383,1,3,3,10,5,39904
6774,2,2,2,22,15,38052
9702,1,3,3,16,5,48070
8437,2,2,2,21,5,60881
6634,1,2,1,5,8,33017
4563,2,1,2,11,16,26677
3659,1,2,2,11,19,17016
2476,1,1,1,10,14,14408
2419,1,2,2,5,19,12325
1801,2,3,4,15,16,10557
3595,1,2,4,10,11,18234
5356,2,2,3,5,5,35629
10407,1,3,3,23,22,55008
7295,1,3,3,9,4,38377
8106,2,2,2,17,14,32262
10264,1,2,3,14,5,45665
11964,2,2,2,20,5,57403
7238,1,2,1,6,12,41656
5111,2,1,2,9,19,21032
3672,1,2,2,10,22,18621
2842,1,1,1,9,16,15227
2047,1,2,2,5,16,13681
1896,2,3,4,14,12,10743
4112,1,2,4,10,11,23708
5131,2,2,3,6,6,36315
11651,1,3,3,23,21,54458
7421,1,3,3,9,5,40984
6896,2,2,2,18,16,32316
10427,1,3,3,15,5,41912
10086,2,2,2,21,5,65787
7101,1,2,1,5,9,35956
3997,2,1,2,9,14,26133
3279,1,2,2,10,20,19986
2449,1,1,1,12,15,10756
1820,1,2,2,6,18,10719
1671,2,3,4,14,17,11971
3987,1,2,4,10,10,18680
5625,2,2,3,4,5,34255
10992,1,3,3,19,17,65746
7860,1,3,3,11,4,42202
6539,2,2,2,22,16,33444
8240,1,3,3,14,5,47966
10607,2,2,2,21,4,49330
7049,1,2,1,6,10,27371
4764,2,1,2,11,14,23043
3148,1,2,2,11,22,19123
2688,1,1,1,10,11,14884
2029,1,2,2,6,21,12304
1515,2,3,3,15,15,11169
3675,1,2,4,8,11,19482
4762,2,2,3,5,5,29779
11391,1,3,3,18,20,60823
7440,1,3,3,12,5,38417
7463,2,2,2,20,16,40827
11287,1,3,3,16,5,48525
11876,2,2,2,20,5,63096
6405,1,2,1,5,9,28255
4922,2,1,2,9,17,23188
3830,1,2,2,10,23,18037
2594,1,1,1,9,17,13314
1883,1,1,2,6,23,13763
1389,2,3,5,12,16,11937
4344,1,2,4,9,9,18847
5930,2,2,3,5,4,35469
12153,1,3,3,18,20,68544
7154,1,2,3,11,5,50873
7753,2,2,2,24,15,39212
8558,1,3,3,16,5,51478
7939,2,2,2,22,5,58058
6349,1,2,1,5,9,37986
4307,2,1,2,11,14,21235
3834,1,2,2,11,18,17044
2440,1,1,1,10,15,14019
2193,1,2,2,5,19,11989
1633,2,3,4,12,15,12470
3435,1,2,4,9,9,20692
6305,2,2,3,5,5,36849
10948,1,3,3,22,24,58428
7307,1,3,3,10,5,45507
7595,2,2,2,18,17,38447
6125,1,3,3,16,5,57742
10756,2,2,2,22,5,60682
7549,1,2,1,5,10,26309
4649,2,1,2,10,15,25512
3774,1,2,2,10,19,17410
2690,1,1,1,11,15,13984
2002,1,2,2,5,18,12119
1942,2,2,4,14,14,10219
3223,1,2,4,10,11,24297
5005,2,2,3,6,6,28867
9501,1,3,3,19,25,55863
7454,1,3,3,10,5,44246
6974,2,2,2,22,15,37238
9730,1,3,3,14,4,52231
10636,2,2,2,20,5,60491
6989,1,2,1,4,10,38991
4313,2,1,2,10,13,22806
3595,1,2,2,12,19,16379
2341,1,1,1,10,14,14812
1869,1,2,2,4,17,13846
1925,2,3,4,15,15,10351
3568,1,2,4,11,10,22267
5693,2,2,3,5,4,31996
11002,1,3,3,19,18,46580
7515,1,3,3,9,5,42704
7086,2,2,2,19,15,37457
8719,1,3,3,13,6,59421
9814,2,2,2,17,5,69133
7564,1,2,1,6,10,36937
4221,2,1,2,9,17,22975
3293,1,2,2,10,18,18139
2574,1,1,1,10,16,15032
2030,1,2,2,5,18,13256
1665,2,3,4,15,14,12237
3589,1,2,3,10,11,20993
5714,2,2,3,5,5,35830
9965,1,3,3,23,19,54989
8380,1,4,3,10,5,43750
6260,2,2,2,18,15,36324
7586,1,3,4,18,6,50182
10627,2,2,2,20,5,71866
7126,1,2,1,5,11,34318
5054,2,1,2,9,15,20841
3494,1,2,2,12,17,19629
2033,1,1,1,10,13,15251
2343,1,2,2,5,19,11253
1673,2,3,4,18,16,10825
3367,1,2,3,11,11,23020
5849,2,2,3,5,5,32039
9859,1,3,3,18,19,58996
6722,1,3,3,10,5,39445
7400,2,2,1,23,11,27801
9724,1,3,3,17,5,45296
10234,2,3,2,19,5,63765
8555,1,2,1,5,11,33384
5191,2,1,2,10,13,25148
3416,1,2,2,10,19,17729
2405,1,1,1,12,16,17532
2324,1,2,2,5,18,13868
1662,2,3,4,16,15,9954
3547,1,2,4,11,10,21284
5412,2,2,3,5,5,35075
9920,1,3,3,24,20,54345
8558,1,3,3,9,5,46827
6779,2,2,2,15,17,37099
8235,1,3,3,16,5,47391
10314,2,2,2,17,5,37073
6501,1,2,1,5,11,29403
5213,2,1,2,10,15,23851
3335,1,2,2,9,21,17210
2719,1,1,1,10,15,11042
2350,1,2,2,5,21,10878
1978,2,3,4,12,11,11103
3829,1,2,4,11,11,21337
6198,2,2,3,4,5,33437
10608,1,3,2,22,22,58679
7837,1,3,3,9,5,46283
6864,2,2,2,17,15,42304
7827,1,3,3,15,4,45741
10023,2,2,2,18,5,55157
7027,1,2,1,5,11,28501
4671,2,1,2,10,17,23804
3884,1,2,2,10,20,15816
2258,1,1,1,10,14,14598
2112,1,2,2,4,19,11765
1624,2,3,4,15,15,10867
4031,1,2,4,11,11,22867
5250,2,2,3,5,5,36032
9367,1,3,3,22,21,51323
7921,1,3,3,9,5,44692
7533,2,2,2,20,18,33164
7673,1,3,3,16,5,42913
10361,2,2,2,21,5,57051
6901,1,2,1,4,8,33690
4434,2,1,2,12,17,24503
3386,1,2,2,10,19,18596
2052,1,1,1,9,17,16720
2325,1,2,2,5,18,12291
1824,2,4,4,13,15,10935
3362,1,2,3,11,10,20538
6350,2,2,3,5,4,31909
9274,1,3,2,18,21,67295
6533,1,3,3,10,5,39935
6277,2,2,2,20,16,42618
8009,1,3,2,19,5,51649
10584,2,2,2,23,5,58844
7710,1,2,1,6,11,34924
5469,2,1,2,11,12,22310
3571,1,2,2,12,23,18176
2503,1,1,1,11,14,15427
2070,1,2,2,5,13,14027
1530,2,3,4,16,15,11096
4155,1,2,3,11,9,22988
4670,2,2,3,5,5,33767
10490,1,2,3,22,19,58397
6727,1,3,3,11,5,44623
6980,2,2,2,21,14,35784
8913,1,3,3,16,6,46553
7724,2,2,2,22,6,61772
7354,1,2,1,5,9,31948
4131,2,1,2,10,14,25467
3356,1,2,2,11,22,15919
2495,1,1,1,11,15,16024
2143,1,2,2,6,19,12371
1910,2,3,3,11,15,12231
3992,1,2,4,10,10,20994
6280,2,2,3,4,5,21860
9355,1,3,3,21,21,57130
6362,1,3,3,9,6,42093
7171,2,2,2,20,16,39179
9654,1,4,3,14,5,59339
12707,2,2,2,18,5,51031
6936,1,2,1,4,11,34608
4456,2,1,2,11,17,25207
3391,1,2,2,9,18,15557
2593,1,1,1,9,14,15588
2176,1,2,2,5,17,13185
1825,2,2,5,16,16,12988
3550,1,2,4,9,10,17483
5585,2,2,3,5,5,28528
10445,1,3,3,20,19,51356
7251,1,3,3,11,5,47165
7534,2,2,2,19,17,43503
8708,1,3,3,13,6,54202
10454,2,2,2,22,5,55773
7488,1,2,1,5,12,36122
5405,2,1,3,10,16,23250
2709,1,2,2,12,22,19504
2976,1,1,1,10,15,11584
2141,1,2,2,5,20,14965
2010,2,3,4,14,12,13317
3878,1,2,4,10,10,19949
5202,2,2,3,4,5,37169
9194,1,3,3,22,16,55120
7521,1,3,2,10,5,37568
5607,2,2,2,20,16,33512
9865,1,3,2,13,4,58577
9613,2,2,2,23,5,62182
6465,1,2,1,5,8,29988
5169,2,1,2,9,14,27067
3512,1,2,2,10,25,14577
2703,1,1,1,10,16,14749
2084,1,2,2,5,22,11861
1608,2,3,4,16,15,12185
3403,1,2,4,12,10,22536
5705,2,2,3,5,7,30321
9347,1,3,3,18,20,54778
8343,1,3,3,9,5,43004
6294,2,2,2,20,16,38035
7710,1,3,3,14,5,44784
8994,2,2,2,18,5,53194
5410,1,2,1,5,11,35088
5335,2,1,2,10,16,25089
2942,1,2,2,11,22,14183
2348,1,1,1,10,16,14468
2390,1,2,2,5,20,13257
1729,2,3,4,16,13,13008
3286,1,2,4,10,10,22506
5465,2,2,3,5,4,32626
10674,1,2,3,18,21,63564
8492,1,3,3,10,5,41244
6888,2,2,2,21,13,40452
8459,1,3,3,14,5,52869
9548,2,2,1,20,5,66686
6443,1,2,1,4,10,31257
5054,2,1,2,9,15,20826
2740,1,2,2,10,20,19525
2459,1,1,1,9,14,15241
2495,1,2,2,5,21,14241
1812,2,3,3,17,17,11616
3365,1,2,4,10,10,21806
5693,2,2,2,5,4,34842
8432,1,3,3,19,19,65494
10408,1,3,3,10,5,39067
6531,2,2,2,18,14,38967
9228,1,3,3,13,5,44235
10426,2,2,2,19,5,58721
6285,1,2,1,5,10,34778
4698,2,1,2,9,17,24955
3504,1,2,2,10,18,17708
2807,1,1,1,10,16,13467
2113,1,2,2,6,20,12647
1729,2,3,4,12,13,12503
3488,1,2,4,10,10,22883
6132,2,2,3,5,5,34881
10523,1,2,3,21,19,63979
7081,1,3,2,11,5,42882
6547,2,2,2,20,16,36299
7636,1,3,3,16,6,45751
10776,2,2,2,21,4,52066
7475,1,2,1,5,12,27309
4091,2,1,2,10,14,23221
3013,1,2,2,9,17,18947
2852,1,1,1,10,16,15549
2060,1,2,2,5,22,13315
1557,2,3,4,17,15,9812
4101,1,2,3,10,10,21812
5692,2,2,3,4,5,31107
9454,1,3,4,18,19,65405
8340,1,3,3,10,5,39574
7586,2,2,2,15,16,40305
6845,1,2,3,19,5,52391
9959,2,2,2,20,5,62891
7470,1,2,1,5,11,27453
4124,2,1,2,8,14,25346
3922,1,2,2,11,17,17861
2719,1,1,1,9,17,14034
2238,1,2,2,5,20,15008
1796,2,3,4,17,17,10509
4612,1,2,4,10,8,24814
6308,2,2,3,5,5,30729
10738,1,3,3,21,23,54400
8600,1,3,3,11,5,45661
6364,2,2,2,20,13,30181
8400,1,3,3,14,5,44882
11509,2,2,2,20,5,63441
7327,1,2,1,5,10,30212
4407,2,1,2,10,16,21451
3379,1,2,2,10,16,17312
2276,1,1,1,10,17,14147
1833,1,2,2,5,22,13202
1912,2,3,4,14,15,11011
3539,1,2,4,11,11,21226
5445,2,2,3,5,4,35110
11618,1,3,3,18,23,53181
8331,1,3,3,10,4,42109
6177,2,2,2,20,13,38550
9676,1,3,3,16,5,43379
9234,2,2,2,21,5,56569
6903,1,2,1,6,10,30061
3991,2,1,2,10,13,22656
3391,1,2,2,9,21,17309
2731,1,1,1,9,14,14493
2275,1,2,2,5,20,11682
1581,2,3,4,14,15,9656
3604,1,2,4,10,10,20544
5719,2,2,3,5,5,34227
10865,1,3,2,18,18,62247
8632,1,3,3,11,5,47250
7339,2,2,2,22,15,36295
9467,1,3,3,16,5,49234
9645,2,2,2,17,5,63281
7534,1,2,1,5,11,35392
4350,2,1,2,11,12,26655
3540,1,2,2,10,17,18610
2739,1,1,1,10,14,11656
2231,1,2,2,5,24,12135
1591,2,3,4,15,13,11923
3550,1,2,3,11,9,24504
5186,2,2,3,4,5,28843
10904,1,2,3,21,20,52954
8561,1,2,3,13,5,48017
7120,2,2,2,18,14,41573
7487,1,3,3,15,6,50614
10016,2,2,2,19,5,74787
6887,1,2,1,5,10,31536
5091,2,1,2,10,16,25511
3004,1,2,2,10,21,16056
2693,1,1,1,9,15,13826
2406,1,2,2,6,19,13941
1658,3,3,3,15,15,11244
4095,1,2,4,9,11,22776
6259,2,2,3,5,5,28048
10278,1,3,2,19,21,52415
7791,1,3,3,11,5,44241
7096,2,2,2,19,15,38486
8390,1,3,3,15,5,49918
10272,2,2,2,17,6,55099
7249,1,2,1,4,9,34215
4935,2,1,2,10,15,21296
3005,1,2,2,9,17,19294
2100,1,1,1,10,14,13184
2054,1,1,2,5,20,12249
1917,2,3,4,16,17,9988
3782,1,2,3,10,11,21020
5196,2,2,3,5,5,34882
12953,1,2,3,23,18,61514
7801,1,3,3,10,5,42929
6160,2,2,1,19,14,37069
8454,1,2,3,15,5,56664
8927,1,2,2,17,5,60735
6785,1,2,1,5,12,33367
5142,2,1,2,10,16,21549
3576,1,2,2,10,21,17961
2956,1,1,1,10,15,12063
2457,1,2,2,6,23,13392
1778,2,3,4,15,14,11133
4217,1,2,5,10,9,20778
5431,2,2,3,6,5,37255
10039,1,3,3,22,21,67029
8282,1,3,3,12,6,44181
5819,2,2,2,16,14,38862
8636,1,3,3,14,5,58090
10162,2,2,2,19,4,59793
7359,1,2,1,6,9,23216
4165,2,1,2,11,14,20387
3002,1,2,2,10,24,17113
2201,1,1,1,10,16,15826
2177,1,2,2,6,22,15069
1557,2,3,4,15,15,10042
3171,1,2,4,10,9,20300
5811,2,2,3,4,5,39606
9844,1,3,3,21,18,50562
8549,1,3,3,8,4,42002
6867,2,2,2,19,13,32704
8854,1,3,3,15,5,47784
9458,2,2,2,18,4,56006
6291,1,2,1,5,10,36659
4871,2,1,2,8,15,21154
3267,1,2,2,10,21,16491
2231,1,1,1,9,14,14466
1919,1,2,2,6,21,12733
1693,2,3,4,17,15,11800
3349,1,2,4,10,10,18094
4896,2,2,2,5,4,37274
11144,1,3,3,20,20,58899
6997,1,3,3,11,5,42761
6040,2,2,2,20,15,36025
8267,1,3,3,14,6,47250
10107,2,2,2,19,5,68724
7255,1,2,1,5,11,28795
5330,2,1,2,10,15,25584
3185,1,2,2,10,20,12524
2599,1,1,1,10,17,11874
2099,1,3,2,4,21,14312
1831,2,4,4,16,15,12319
3444,1,2,4,11,11,20329
5405,2,2,3,5,5,34890
9966,1,3,3,20,22,46154
7760,1,2,4,10,5,41419
6605,2,2,2,19,14,41834
9525,1,3,3,17,5,52302
11694,2,2,2,20,6,55793
6613,1,2,1,5,12,33489
5680,2,1,2,9,14,21800
3136,1,2,2,9,20,17750
2492,1,1,1,10,14,15483
1827,1,2,2,6,22,12870
1473,2,3,4,12,15,11798
3508,1,2,3,10,11,21103
5257,2,2,3,5,5,34787
10222,1,3,3,19,15,54618
7736,1,3,3,10,5,45658
7018,2,2,2,22,17,33973
9369,1,3,3,13,4,44544
10910,2,2,2,22,6,67557
6445,1,2,1,6,9,30641
4965,2,1,2,12,15,22559
3771,1,2,2,9,19,18943
2959,1,1,1,13,14,16068
1875,1,2,2,5,20,15139
1922,2,3,4,15,17,8842
3754,1,2,5,8,11,19138
5647,2,2,3,5,5,33565
10712,1,3,3,17,18,54409
7903,1,3,3,9,5,35067
7240,2,2,2,23,17,43918
10121,1,3,3,15,5,47928
10641,2,2,2,21,5,57315
7209,1,2,1,4,10,30581
4672,2,1,2,11,16,25251
3484,1,2,2,10,18,19765
2600,1,1,1,10,15,12819
1984,1,2,2,5,21,11685
1649,2,3,4,14,15,11726
3404,1,2,4,9,10,22084
6441,2,2,3,5,4,31862
8453,1,3,3,18,22,56136
8042,1,3,3,10,5,38885
7418,2,2,2,21,16,37860
8430,1,3,3,13,4,48116
10142,2,2,2,21,4,49129
6703,1,2,1,5,9,37934
5750,2,1,2,9,17,25746
3243,1,2,2,11,19,16179
2029,1,1,1,10,16,13903
2360,1,2,2,4,22,13260
1904,1,3,4,16,14,10216
3380,1,2,4,10,10,22363
5174,2,2,3,5,5,36262
11032,1,3,3,24,18,58590
7923,1,3,3,11,6,46500
5911,2,2,2,23,14,30437
8236,1,3,3,15,4,44544
10443,2,2,2,22,5,56929
7532,1,2,1,5,9,33856
4745,2,1,2,9,12,21903
3721,1,2,2,11,19,15793
2708,1,1,1,9,14,13142
2157,1,2,2,5,21,11550
1803,2,3,4,16,13,11872
3386,1,2,3,9,10,23008
5596,2,2,3,5,5,36853
10922,1,2,3,20,20,56236
8226,1,4,3,10,4,43002
6866,2,2,2,22,13,38789
10610,1,3,3,14,5,48018
9131,3,2,2,19,5,55360
7162,1,2,1,6,8,35463
4921,2,1,2,11,16,24642
3056,1,2,2,12,26,18865
2507,1,1,1,10,15,11851
1984,1,2,2,5,21,11772
1778,2,3,4,14,15,11902
3232,1,2,4,11,7,23391
5567,2,2,3,5,5,28807
11677,1,3,3,19,20,57836
8396,1,3,3,9,5,47336
6351,2,2,2,25,16,39640
8563,1,3,4,14,6,51693
12181,2,2,2,18,5,64402
5109,1,2,1,5,11,34888
5061,2,1,2,12,14,22757
3529,1,2,2,9,18,17012
2254,1,1,1,10,16,13827
2247,1,2,2,5,19,12679
1507,2,3,4,15,14,11773
3292,1,2,4,9,11,20113
5941,2,2,3,5,5,32467
10420,1,3,3,21,20,64755
8320,1,3,3,11,4,48593
6963,2,2,2,19,15,29476
8812,1,4,3,15,6,51122
10300,2,2,2,23,5,60519
5408,1,2,1,5,9,36597
4964,2,1,2,11,15,22184
3557,1,2,2,11,16,15172
2265,1,1,1,9,18,14155
2253,1,2,2,4,20,12469
1889,2,3,4,15,12,12091
3593,1,2,4,9,10,20900
6403,2,2,3,4,5,39962
11225,1,3,3,19,17,53580
8810,1,3,3,10,5,45006
7212,2,2,2,19,13,31216
7567,1,3,3,13,5,47451
9007,2,2,2,23,4,48492
6481,1,2,1,4,10,33647
4902,2,1,2,10,12,23544
3128,1,2,2,11,23,15869
2211,1,1,1,9,15,15627
2353,1,2,2,4,19,11373
2125,2,3,4,15,16,11174
4582,1,2,4,10,10,18762
5140,2,2,3,5,6,32133
11435,1,3,3,18,18,71826
7567,1,3,3,8,5,35825
6581,2,2,2,18,18,42294
8731,1,3,3,15,4,47109
10729,2,2,2,20,5,60302
5417,1,2,1,5,10,37316
4774,2,1,2,11,13,21480
4267,1,2,2,11,23,19376
2392,1,1,1,8,14,14015
2040,1,2,2,5,19,13043
1670,3,3,4,14,18,10666
3582,1,2,4,9,10,19851
6728,2,2,2,5,4,32958
10216,1,3,3,18,18,47409
7670,1,3,4,11,5,39344
5611,2,2,2,17,17,34139
7708,1,3,3,15,5,48098
11764,2,2,2,19,5,55311
6674,1,2,1,4,9,22954
4689,2,1,2,12,15,24650
3338,1,2,2,11,21,17812
2668,1,1,1,9,18,14395
2154,1,2,2,6,22,12064
1576,2,3,4,16,16,10895
4385,1,2,4,8,9,23931
6362,2,2,3,5,5,32811
9697,1,3,3,17,19,52262
7858,1,3,3,9,4,37490
7445,2,2,2,22,17,37324
8918,1,3,3,14,5,53739
9845,2,2,2,18,4,52783
6437,1,2,1,5,11,35606
5066,2,1,2,10,15,21466
2930,1,2,2,12,18,17903
1833,1,1,1,9,15,12702
2082,1,2,2,5,18,16232
1628,2,3,3,15,15,10749
3898,1,2,4,9,9,21516
5428,2,2,3,5,6,40573
10706,1,3,3,22,22,56591
7358,1,3,3,9,4,43396
5925,3,2,2,18,18,39149
9607,1,3,4,17,5,46919
10004,2,2,2,19,5,48131
